"quit.quit_verified","quit.n","quit.prp"
0,1641,0.930272108843537
1,123,0.0697278911564626
