"quit.quit_verified","quit.n","quit.prp"
0,1661,0.93157599551318
1,122,0.06842400448682
